{"cameraMode":{"drawMode":0,"name":"Shaded","section":"Shading Mode"},"sceneLighting":true,"audioPlay":false,"sceneViewState":{"showFog":true,"showMaterialUpdate":false,"showSkybox":true,"showFlares":true,"showImageEffects":true,"showParticleSystems":true},"in2DMode":false,"pivot":{"x":0.33280640840530398,"y":-85.39375305175781,"z":214.68075561523438},"rotation":{"x":0.733319103717804,"y":-0.0024475534446537496,"z":0.002639967016875744,"w":0.6798750758171082},"size":42.407554626464847,"orthographic":true}