{"cameraMode":{"drawMode":0,"name":"Shaded","section":"Shading Mode"},"sceneLighting":true,"audioPlay":false,"sceneViewState":{"showFog":true,"showMaterialUpdate":false,"showSkybox":true,"showFlares":true,"showImageEffects":true,"showParticleSystems":true},"in2DMode":false,"pivot":{"x":1.6663694381713868,"y":8.041234970092774,"z":-2.6103062629699709},"rotation":{"x":-0.24119797348976136,"y":0.0005823899991810322,"z":-0.00014474245836026967,"w":-0.9704757928848267},"size":8.748320579528809,"orthographic":false}