{"cameraMode":{"drawMode":0,"name":"Shaded","section":"Shading Mode"},"sceneLighting":true,"audioPlay":false,"sceneViewState":{"showFog":true,"showMaterialUpdate":false,"showSkybox":true,"showFlares":true,"showImageEffects":true,"showParticleSystems":true},"in2DMode":false,"pivot":{"x":-0.6201447248458862,"y":-231.515625,"z":181.943359375},"rotation":{"x":-0.08786379545927048,"y":-0.7989875674247742,"z":-0.12051468342542649,"w":0.5825589895248413},"size":0.008815587498247624,"orthographic":true}