{"cameraMode":{"drawMode":0,"name":"Shaded","section":"Shading Mode"},"sceneLighting":true,"audioPlay":false,"sceneViewState":{"showFog":true,"showMaterialUpdate":false,"showSkybox":true,"showFlares":true,"showImageEffects":true,"showParticleSystems":true},"in2DMode":false,"pivot":{"x":2.9674196243286135,"y":-18.385936737060548,"z":230.82208251953126},"rotation":{"x":-0.021123554557561876,"y":0.9776947498321533,"z":0.12146392464637757,"w":0.17003896832466126},"size":0.14664770662784577,"orthographic":true}